Name,Description,ADDRESSBLOCKHOUSENUMBER,ADDRESSBUILDINGNAME,ADDRESSSTREETNAME,ADDRESSTYPE,DESCRIPTION,LANDXADDRESSPOINT,LANDYADDRESSPOINT,NAME,ADDRESSPOSTALCODE,ADDRESSFLOORNUMBER,HYPERLINK,PHOTOURL,INC_CRC,FMEL_UPD_D,ADDRESSUNITNUMBER,Latitude,Longitude
kml_1,"<center><table><tr><th colspan='2' align='center'><em>Attributes</em></th></tr><tr bgcolor=""#E3E3F3""> <th>ADDRESSBLOCKHOUSENUMBER</th> <td>23</td> </tr><tr bgcolor=""""> <th>ADDRESSBUILDINGNAME</th> <td>NEX</td> </tr><tr bgcolor=""#E3E3F3""> <th>ADDRESSSTREETNAME</th> <td>Serangoon Central</td> </tr><tr bgcolor=""""> <th>ADDRESSTYPE</th> <td></td> </tr><tr bgcolor=""#E3E3F3""> <th>DESCRIPTION</th> <td>SRPL</td> </tr><tr bgcolor=""""> <th>LANDXADDRESSPOINT</th> <td>32333.4</td> </tr><tr bgcolor=""#E3E3F3""> <th>LANDYADDRESSPOINT</th> <td>36982.090000000004</td> </tr><tr bgcolor=""""> <th>NAME</th> <td>Serangoon Public Library</td> </tr><tr bgcolor=""#E3E3F3""> <th>ADDRESSPOSTALCODE</th> <td>556083</td> </tr><tr bgcolor=""""> <th>ADDRESSFLOORNUMBER</th> <td>4</td> </tr><tr bgcolor=""#E3E3F3""> <th>HYPERLINK</th> <td>http://www.nlb.gov.sg/VisitUs/BranchDetails/tabid/140/bid/342/Default.aspx?branch=Serangoon+Public+Library</td> </tr><tr bgcolor=""""> <th>PHOTOURL</th> <td>http://www.nlb.gov.sg/Portals/0/library/gallery/Serangoon/MAIN-SRPL-cropped.jpg</td> </tr><tr bgcolor=""#E3E3F3""> <th>INC_CRC</th> <td>14A27BA632A157E6</td> </tr><tr bgcolor=""""> <th>FMEL_UPD_D</th> <td>20190429101416</td> </tr><tr bgcolor=""#E3E3F3""> <th>ADDRESSUNITNUMBER</th> <td>82-83</td> </tr></table></center>",23,NEX,Serangoon Central,,SRPL,32333.4,36982.090000000004,Serangoon Public Library,556083,4,http://www.nlb.gov.sg/VisitUs/BranchDetails/tabid/140/bid/342/Default.aspx?branch=Serangoon+Public+Library,http://www.nlb.gov.sg/Portals/0/library/gallery/Serangoon/MAIN-SRPL-cropped.jpg,14A27BA632A157E6,20190429101416,82-83,1.35072709374027,103.872256917786
kml_2,"<center><table><tr><th colspan='2' align='center'><em>Attributes</em></th></tr><tr bgcolor=""#E3E3F3""> <th>ADDRESSBLOCKHOUSENUMBER</th> <td>277</td> </tr><tr bgcolor=""""> <th>ADDRESSBUILDINGNAME</th> <td>Orchard Gateway</td> </tr><tr bgcolor=""#E3E3F3""> <th>ADDRESSSTREETNAME</th> <td>Orchard Road</td> </tr><tr bgcolor=""""> <th>ADDRESSTYPE</th> <td></td> </tr><tr bgcolor=""#E3E3F3""> <th>DESCRIPTION</th> <td>OCPL</td> </tr><tr bgcolor=""""> <th>LANDXADDRESSPOINT</th> <td>28706.75</td> </tr><tr bgcolor=""#E3E3F3""> <th>LANDYADDRESSPOINT</th> <td>31418.05</td> </tr><tr bgcolor=""""> <th>NAME</th> <td>library@orchard</td> </tr><tr bgcolor=""#E3E3F3""> <th>ADDRESSPOSTALCODE</th> <td>238858</td> </tr><tr bgcolor=""""> <th>ADDRESSFLOORNUMBER</th> <td>3</td> </tr><tr bgcolor=""#E3E3F3""> <th>HYPERLINK</th> <td>http://www.nlb.gov.sg/VisitUs/BranchDetails/tabid/140/bid/337/Default.aspx?branch=library%40orchard</td> </tr><tr bgcolor=""""> <th>PHOTOURL</th> <td>http://www.nlb.gov.sg/Portals/0/library/gallery/Orchard/OCPL_main.jpg</td> </tr><tr bgcolor=""#E3E3F3""> <th>INC_CRC</th> <td>C407699EBC5E051F</td> </tr><tr bgcolor=""""> <th>FMEL_UPD_D</th> <td>20190429101416</td> </tr><tr bgcolor=""#E3E3F3""> <th>ADDRESSUNITNUMBER</th> <td>12</td> </tr></table></center>",277,Orchard Gateway,Orchard Road,,OCPL,28706.75,31418.05,library@orchard,238858,3,http://www.nlb.gov.sg/VisitUs/BranchDetails/tabid/140/bid/337/Default.aspx?branch=library%40orchard,http://www.nlb.gov.sg/Portals/0/library/gallery/Orchard/OCPL_main.jpg,C407699EBC5E051F,20190429101416,12,1.30040819039694,103.839669047112
kml_3,"<center><table><tr><th colspan='2' align='center'><em>Attributes</em></th></tr><tr bgcolor=""#E3E3F3""> <th>ADDRESSBLOCKHOUSENUMBER</th> <td>50</td> </tr><tr bgcolor=""""> <th>ADDRESSBUILDINGNAME</th> <td></td> </tr><tr bgcolor=""#E3E3F3""> <th>ADDRESSSTREETNAME</th> <td>Geylang East Ave 1</td> </tr><tr bgcolor=""""> <th>ADDRESSTYPE</th> <td></td> </tr><tr bgcolor=""#E3E3F3""> <th>DESCRIPTION</th> <td>GEPL</td> </tr><tr bgcolor=""""> <th>LANDXADDRESSPOINT</th> <td>33844.82</td> </tr><tr bgcolor=""#E3E3F3""> <th>LANDYADDRESSPOINT</th> <td>33301.73</td> </tr><tr bgcolor=""""> <th>NAME</th> <td>Geylang East Public Library</td> </tr><tr bgcolor=""#E3E3F3""> <th>ADDRESSPOSTALCODE</th> <td>389777</td> </tr><tr bgcolor=""""> <th>ADDRESSFLOORNUMBER</th> <td></td> </tr><tr bgcolor=""#E3E3F3""> <th>HYPERLINK</th> <td>http://www.nlb.gov.sg/VisitUs/BranchDetails/tabid/140/bid/328/Default.aspx?branch=Geylang+East+Public+Library</td> </tr><tr bgcolor=""""> <th>PHOTOURL</th> <td>http://www.nlb.gov.sg/Portals/0/library/gallery/Geylang/MAIN-GEPL-cropped.jpg</td> </tr><tr bgcolor=""#E3E3F3""> <th>INC_CRC</th> <td>30D87253D8E26004</td> </tr><tr bgcolor=""""> <th>FMEL_UPD_D</th> <td>20190424094745</td> </tr><tr bgcolor=""#E3E3F3""> <th>ADDRESSUNITNUMBER</th> <td></td> </tr></table></center>",50,,Geylang East Ave 1,,GEPL,33844.82,33301.73,Geylang East Public Library,389777,,http://www.nlb.gov.sg/VisitUs/BranchDetails/tabid/140/bid/328/Default.aspx?branch=Geylang+East+Public+Library,http://www.nlb.gov.sg/Portals/0/library/gallery/Geylang/MAIN-GEPL-cropped.jpg,30D87253D8E26004,20190424094745,,1.31744297942454,103.885837273218
kml_4,"<center><table><tr><th colspan='2' align='center'><em>Attributes</em></th></tr><tr bgcolor=""#E3E3F3""> <th>ADDRESSBLOCKHOUSENUMBER</th> <td>60</td> </tr><tr bgcolor=""""> <th>ADDRESSBUILDINGNAME</th> <td></td> </tr><tr bgcolor=""#E3E3F3""> <th>ADDRESSSTREETNAME</th> <td>Jurong West Central 3</td> </tr><tr bgcolor=""""> <th>ADDRESSTYPE</th> <td></td> </tr><tr bgcolor=""#E3E3F3""> <th>DESCRIPTION</th> <td>JWPL</td> </tr><tr bgcolor=""""> <th>LANDXADDRESSPOINT</th> <td>13665.24</td> </tr><tr bgcolor=""#E3E3F3""> <th>LANDYADDRESSPOINT</th> <td>35866.61</td> </tr><tr bgcolor=""""> <th>NAME</th> <td>Jurong West Public Library</td> </tr><tr bgcolor=""#E3E3F3""> <th>ADDRESSPOSTALCODE</th> <td>648346</td> </tr><tr bgcolor=""""> <th>ADDRESSFLOORNUMBER</th> <td>1</td> </tr><tr bgcolor=""#E3E3F3""> <th>HYPERLINK</th> <td>http://www.nlb.gov.sg/VisitUs/BranchDetails/tabid/140/bid/302/Default.aspx?branch=Jurong+West+Public+Library</td> </tr><tr bgcolor=""""> <th>PHOTOURL</th> <td>http://www.nlb.gov.sg/Portals/0/library/gallery/JurongWest/MAIN-JWPL-cropped.jpg</td> </tr><tr bgcolor=""#E3E3F3""> <th>INC_CRC</th> <td>D1BB0FDF8C695C1B</td> </tr><tr bgcolor=""""> <th>FMEL_UPD_D</th> <td>20190424094745</td> </tr><tr bgcolor=""#E3E3F3""> <th>ADDRESSUNITNUMBER</th> <td>3</td> </tr></table></center>",60,,Jurong West Central 3,,JWPL,13665.24,35866.61,Jurong West Public Library,648346,1,http://www.nlb.gov.sg/VisitUs/BranchDetails/tabid/140/bid/302/Default.aspx?branch=Jurong+West+Public+Library,http://www.nlb.gov.sg/Portals/0/library/gallery/JurongWest/MAIN-JWPL-cropped.jpg,D1BB0FDF8C695C1B,20190424094745,3,1.34063599253795,103.704512325533
kml_5,"<center><table><tr><th colspan='2' align='center'><em>Attributes</em></th></tr><tr bgcolor=""#E3E3F3""> <th>ADDRESSBLOCKHOUSENUMBER</th> <td>1</td> </tr><tr bgcolor=""""> <th>ADDRESSBUILDINGNAME</th> <td>West Mall</td> </tr><tr bgcolor=""#E3E3F3""> <th>ADDRESSSTREETNAME</th> <td>Bukit Batok Central Link</td> </tr><tr bgcolor=""""> <th>ADDRESSTYPE</th> <td></td> </tr><tr bgcolor=""#E3E3F3""> <th>DESCRIPTION</th> <td>BBPL</td> </tr><tr bgcolor=""""> <th>LANDXADDRESSPOINT</th> <td>18648.02</td> </tr><tr bgcolor=""#E3E3F3""> <th>LANDYADDRESSPOINT</th> <td>36846.26</td> </tr><tr bgcolor=""""> <th>NAME</th> <td>Bukit Batok Public Library</td> </tr><tr bgcolor=""#E3E3F3""> <th>ADDRESSPOSTALCODE</th> <td>658713</td> </tr><tr bgcolor=""""> <th>ADDRESSFLOORNUMBER</th> <td>3</td> </tr><tr bgcolor=""#E3E3F3""> <th>HYPERLINK</th> <td>http://www.nlb.gov.sg/VisitUs/BranchDetails/tabid/140/bid/286/Default.aspx?branch=Bukit+Batok+Public+Library</td> </tr><tr bgcolor=""""> <th>PHOTOURL</th> <td>http://www.nlb.gov.sg/Portals/0/library/gallery/BukitBatok/MAIN-BBPL-cropped.jpg</td> </tr><tr bgcolor=""#E3E3F3""> <th>INC_CRC</th> <td>2559184B4E71B2D2</td> </tr><tr bgcolor=""""> <th>FMEL_UPD_D</th> <td>20190424094745</td> </tr><tr bgcolor=""#E3E3F3""> <th>ADDRESSUNITNUMBER</th> <td>1</td> </tr></table></center>",1,West Mall,Bukit Batok Central Link,,BBPL,18648.02,36846.26,Bukit Batok Public Library,658713,3,http://www.nlb.gov.sg/VisitUs/BranchDetails/tabid/140/bid/286/Default.aspx?branch=Bukit+Batok+Public+Library,http://www.nlb.gov.sg/Portals/0/library/gallery/BukitBatok/MAIN-BBPL-cropped.jpg,2559184B4E71B2D2,20190424094745,1,1.34949754800173,103.749285191724
kml_6,"<center><table><tr><th colspan='2' align='center'><em>Attributes</em></th></tr><tr bgcolor=""#E3E3F3""> <th>ADDRESSBLOCKHOUSENUMBER</th> <td>1</td> </tr><tr bgcolor=""""> <th>ADDRESSBUILDINGNAME</th> <td>Compass One</td> </tr><tr bgcolor=""#E3E3F3""> <th>ADDRESSSTREETNAME</th> <td>Sengkang Square</td> </tr><tr bgcolor=""""> <th>ADDRESSTYPE</th> <td></td> </tr><tr bgcolor=""#E3E3F3""> <th>DESCRIPTION</th> <td>SKPL</td> </tr><tr bgcolor=""""> <th>LANDXADDRESSPOINT</th> <td>34829.64</td> </tr><tr bgcolor=""#E3E3F3""> <th>LANDYADDRESSPOINT</th> <td>41471.67</td> </tr><tr bgcolor=""""> <th>NAME</th> <td>Sengkang Public Library</td> </tr><tr bgcolor=""#E3E3F3""> <th>ADDRESSPOSTALCODE</th> <td>545078</td> </tr><tr bgcolor=""""> <th>ADDRESSFLOORNUMBER</th> <td>3</td> </tr><tr bgcolor=""#E3E3F3""> <th>HYPERLINK</th> <td>http://www.nlb.gov.sg/VisitUs/BranchDetails/tabid/140/bid/341/Default.aspx?branch=Sengkang+Public+Library</td> </tr><tr bgcolor=""""> <th>PHOTOURL</th> <td>http://www.nlb.gov.sg/Portals/0/library/gallery/Senkang/SKPL%20Main.JPG</td> </tr><tr bgcolor=""#E3E3F3""> <th>INC_CRC</th> <td>991D1CCEFDA5DDF6</td> </tr><tr bgcolor=""""> <th>FMEL_UPD_D</th> <td>20190424094745</td> </tr><tr bgcolor=""#E3E3F3""> <th>ADDRESSUNITNUMBER</th> <td>28</td> </tr></table></center>",1,Compass One,Sengkang Square,,SKPL,34829.64,41471.67,Sengkang Public Library,545078,3,http://www.nlb.gov.sg/VisitUs/BranchDetails/tabid/140/bid/341/Default.aspx?branch=Sengkang+Public+Library,http://www.nlb.gov.sg/Portals/0/library/gallery/Senkang/SKPL%20Main.JPG,991D1CCEFDA5DDF6,20190424094745,28,1.39132876236971,103.894688239041
kml_7,"<center><table><tr><th colspan='2' align='center'><em>Attributes</em></th></tr><tr bgcolor=""#E3E3F3""> <th>ADDRESSBLOCKHOUSENUMBER</th> <td>278</td> </tr><tr bgcolor=""""> <th>ADDRESSBUILDINGNAME</th> <td>Marine Parade Community Building</td> </tr><tr bgcolor=""#E3E3F3""> <th>ADDRESSSTREETNAME</th> <td>Marine Parade Road</td> </tr><tr bgcolor=""""> <th>ADDRESSTYPE</th> <td></td> </tr><tr bgcolor=""#E3E3F3""> <th>DESCRIPTION</th> <td>MPPL</td> </tr><tr bgcolor=""""> <th>LANDXADDRESSPOINT</th> <td>36487.36</td> </tr><tr bgcolor=""#E3E3F3""> <th>LANDYADDRESSPOINT</th> <td>31889.39</td> </tr><tr bgcolor=""""> <th>NAME</th> <td>Marine Parade Public Library</td> </tr><tr bgcolor=""#E3E3F3""> <th>ADDRESSPOSTALCODE</th> <td>449282</td> </tr><tr bgcolor=""""> <th>ADDRESSFLOORNUMBER</th> <td>1</td> </tr><tr bgcolor=""#E3E3F3""> <th>HYPERLINK</th> <td>http://www.nlb.gov.sg/VisitUs/BranchDetails/tabid/140/bid/324/Default.aspx?branch=Marine+Parade+Public+Library</td> </tr><tr bgcolor=""""> <th>PHOTOURL</th> <td>http://www.nlb.gov.sg/Portals/0/library/gallery/MarineParade/MAIN-MPPL-cropped.jpg</td> </tr><tr bgcolor=""#E3E3F3""> <th>INC_CRC</th> <td>AFD4A92E28FAB9F6</td> </tr><tr bgcolor=""""> <th>FMEL_UPD_D</th> <td>20190424094745</td> </tr><tr bgcolor=""#E3E3F3""> <th>ADDRESSUNITNUMBER</th> <td>2</td> </tr></table></center>",278,Marine Parade Community Building,Marine Parade Road,,MPPL,36487.36,31889.39,Marine Parade Public Library,449282,1,http://www.nlb.gov.sg/VisitUs/BranchDetails/tabid/140/bid/324/Default.aspx?branch=Marine+Parade+Public+Library,http://www.nlb.gov.sg/Portals/0/library/gallery/MarineParade/MAIN-MPPL-cropped.jpg,AFD4A92E28FAB9F6,20190424094745,2,1.30466966872275,103.909581446984
kml_8,"<center><table><tr><th colspan='2' align='center'><em>Attributes</em></th></tr><tr bgcolor=""#E3E3F3""> <th>ADDRESSBLOCKHOUSENUMBER</th> <td>1</td> </tr><tr bgcolor=""""> <th>ADDRESSBUILDINGNAME</th> <td>White Sands</td> </tr><tr bgcolor=""#E3E3F3""> <th>ADDRESSSTREETNAME</th> <td>Pasir Ris Central St 3</td> </tr><tr bgcolor=""""> <th>ADDRESSTYPE</th> <td></td> </tr><tr bgcolor=""#E3E3F3""> <th>DESCRIPTION</th> <td>PRPL</td> </tr><tr bgcolor=""""> <th>LANDXADDRESSPOINT</th> <td>40922.89</td> </tr><tr bgcolor=""#E3E3F3""> <th>LANDYADDRESSPOINT</th> <td>39374.15</td> </tr><tr bgcolor=""""> <th>NAME</th> <td>Pasir Ris Public Library</td> </tr><tr bgcolor=""#E3E3F3""> <th>ADDRESSPOSTALCODE</th> <td>518457</td> </tr><tr bgcolor=""""> <th>ADDRESSFLOORNUMBER</th> <td>4</td> </tr><tr bgcolor=""#E3E3F3""> <th>HYPERLINK</th> <td>http://www.nlb.gov.sg/VisitUs/BranchDetails/tabid/140/bid/325/Default.aspx?branch=Pasir+Ris+Public+Library</td> </tr><tr bgcolor=""""> <th>PHOTOURL</th> <td>http://www.nlb.gov.sg/Portals/0/library/gallery/PasirRis/MAIN-PRPL-small.jpg</td> </tr><tr bgcolor=""#E3E3F3""> <th>INC_CRC</th> <td>547D68A62EB32095</td> </tr><tr bgcolor=""""> <th>FMEL_UPD_D</th> <td>20190424094745</td> </tr><tr bgcolor=""#E3E3F3""> <th>ADDRESSUNITNUMBER</th> <td>1</td> </tr></table></center>",1,White Sands,Pasir Ris Central St 3,,PRPL,40922.89,39374.15,Pasir Ris Public Library,518457,4,http://www.nlb.gov.sg/VisitUs/BranchDetails/tabid/140/bid/325/Default.aspx?branch=Pasir+Ris+Public+Library,http://www.nlb.gov.sg/Portals/0/library/gallery/PasirRis/MAIN-PRPL-small.jpg,547D68A62EB32095,20190424094745,1,1.37235750960519,103.949439880186
kml_9,"<center><table><tr><th colspan='2' align='center'><em>Attributes</em></th></tr><tr bgcolor=""#E3E3F3""> <th>ADDRESSBLOCKHOUSENUMBER</th> <td>133</td> </tr><tr bgcolor=""""> <th>ADDRESSBUILDINGNAME</th> <td>Chinatown Point</td> </tr><tr bgcolor=""#E3E3F3""> <th>ADDRESSSTREETNAME</th> <td>North Bridge Road</td> </tr><tr bgcolor=""""> <th>ADDRESSTYPE</th> <td></td> </tr><tr bgcolor=""#E3E3F3""> <th>DESCRIPTION</th> <td>CNPL</td> </tr><tr bgcolor=""""> <th>LANDXADDRESSPOINT</th> <td>29293.6915</td> </tr><tr bgcolor=""#E3E3F3""> <th>LANDYADDRESSPOINT</th> <td>29743.124799999998</td> </tr><tr bgcolor=""""> <th>NAME</th> <td>library@chinatown</td> </tr><tr bgcolor=""#E3E3F3""> <th>ADDRESSPOSTALCODE</th> <td>59413</td> </tr><tr bgcolor=""""> <th>ADDRESSFLOORNUMBER</th> <td>4</td> </tr><tr bgcolor=""#E3E3F3""> <th>HYPERLINK</th> <td>http://www.nlb.gov.sg/VisitUs/BranchDetails/tabid/140/bid/322/Default.aspx?branch=library%40chinatown</td> </tr><tr bgcolor=""""> <th>PHOTOURL</th> <td>http://www.nlb.gov.sg/Portals/0/library/gallery/Chinatown/MAIN-CNPL-cropped.jpg</td> </tr><tr bgcolor=""#E3E3F3""> <th>INC_CRC</th> <td>9484A7B9CFF2B007</td> </tr><tr bgcolor=""""> <th>FMEL_UPD_D</th> <td>20190424094745</td> </tr><tr bgcolor=""#E3E3F3""> <th>ADDRESSUNITNUMBER</th> <td>12</td> </tr></table></center>",133,Chinatown Point,North Bridge Road,,CNPL,29293.6915,29743.124799999998,library@chinatown,59413,4,http://www.nlb.gov.sg/VisitUs/BranchDetails/tabid/140/bid/322/Default.aspx?branch=library%40chinatown,http://www.nlb.gov.sg/Portals/0/library/gallery/Chinatown/MAIN-CNPL-cropped.jpg,9484A7B9CFF2B007,20190424094745,12,1.28526073700342,103.844942912669
kml_10,"<center><table><tr><th colspan='2' align='center'><em>Attributes</em></th></tr><tr bgcolor=""#E3E3F3""> <th>ADDRESSBLOCKHOUSENUMBER</th> <td>8</td> </tr><tr bgcolor=""""> <th>ADDRESSBUILDINGNAME</th> <td></td> </tr><tr bgcolor=""#E3E3F3""> <th>ADDRESSSTREETNAME</th> <td>Raffles Avenue</td> </tr><tr bgcolor=""""> <th>ADDRESSTYPE</th> <td></td> </tr><tr bgcolor=""#E3E3F3""> <th>DESCRIPTION</th> <td>EPPL</td> </tr><tr bgcolor=""""> <th>LANDXADDRESSPOINT</th> <td>30498.68</td> </tr><tr bgcolor=""#E3E3F3""> <th>LANDYADDRESSPOINT</th> <td>30202.12</td> </tr><tr bgcolor=""""> <th>NAME</th> <td>library@esplanade</td> </tr><tr bgcolor=""#E3E3F3""> <th>ADDRESSPOSTALCODE</th> <td>39802</td> </tr><tr bgcolor=""""> <th>ADDRESSFLOORNUMBER</th> <td>3</td> </tr><tr bgcolor=""#E3E3F3""> <th>HYPERLINK</th> <td>http://www.nlb.gov.sg/VisitUs/BranchDetails/tabid/140/bid/336/Default.aspx?branch=library%40esplanade</td> </tr><tr bgcolor=""""> <th>PHOTOURL</th> <td>http://www.nlb.gov.sg/Portals/0/library/gallery/esplanade/MAIN-EPPL.JPG</td> </tr><tr bgcolor=""#E3E3F3""> <th>INC_CRC</th> <td>A4EE2C882B98CE9B</td> </tr><tr bgcolor=""""> <th>FMEL_UPD_D</th> <td>20170814153343</td> </tr><tr bgcolor=""#E3E3F3""> <th>ADDRESSUNITNUMBER</th> <td>1</td> </tr></table></center>",8,,Raffles Avenue,,EPPL,30498.68,30202.12,library@esplanade,39802,3,http://www.nlb.gov.sg/VisitUs/BranchDetails/tabid/140/bid/336/Default.aspx?branch=library%40esplanade,http://www.nlb.gov.sg/Portals/0/library/gallery/esplanade/MAIN-EPPL.JPG,A4EE2C882B98CE9B,20170814153343,1,1.28941165551051,103.855770250108
kml_11,"<center><table><tr><th colspan='2' align='center'><em>Attributes</em></th></tr><tr bgcolor=""#E3E3F3""> <th>ADDRESSBLOCKHOUSENUMBER</th> <td>21</td> </tr><tr bgcolor=""""> <th>ADDRESSBUILDINGNAME</th> <td>Lot One</td> </tr><tr bgcolor=""#E3E3F3""> <th>ADDRESSSTREETNAME</th> <td>Choa Chu Kang Avenue 4</td> </tr><tr bgcolor=""""> <th>ADDRESSTYPE</th> <td></td> </tr><tr bgcolor=""#E3E3F3""> <th>DESCRIPTION</th> <td>CCKPL</td> </tr><tr bgcolor=""""> <th>LANDXADDRESSPOINT</th> <td>18175.64</td> </tr><tr bgcolor=""#E3E3F3""> <th>LANDYADDRESSPOINT</th> <td>40767.450000000004</td> </tr><tr bgcolor=""""> <th>NAME</th> <td>Chua Chu Kang Public Library</td> </tr><tr bgcolor=""#E3E3F3""> <th>ADDRESSPOSTALCODE</th> <td>689812</td> </tr><tr bgcolor=""""> <th>ADDRESSFLOORNUMBER</th> <td>4</td> </tr><tr bgcolor=""#E3E3F3""> <th>HYPERLINK</th> <td>http://www.nlb.gov.sg/VisitUs/BranchDetails/tabid/140/bid/295/Default.aspx?branch=Choa+Chu+Kang+Public+Library</td> </tr><tr bgcolor=""""> <th>PHOTOURL</th> <td>http://www.nlb.gov.sg/Portals/0/library/gallery/ChoaChuKang/MAIN-CCKPL-cropped.jpg</td> </tr><tr bgcolor=""#E3E3F3""> <th>INC_CRC</th> <td>8731508A1219090E</td> </tr><tr bgcolor=""""> <th>FMEL_UPD_D</th> <td>20190424094745</td> </tr><tr bgcolor=""#E3E3F3""> <th>ADDRESSUNITNUMBER</th> <td>1</td> </tr></table></center>",21,Lot One,Choa Chu Kang Avenue 4,,CCKPL,18175.64,40767.450000000004,Chua Chu Kang Public Library,689812,4,http://www.nlb.gov.sg/VisitUs/BranchDetails/tabid/140/bid/295/Default.aspx?branch=Choa+Chu+Kang+Public+Library,http://www.nlb.gov.sg/Portals/0/library/gallery/ChoaChuKang/MAIN-CCKPL-cropped.jpg,8731508A1219090E,20190424094745,1,1.38495919705382,103.745039269848
kml_12,"<center><table><tr><th colspan='2' align='center'><em>Attributes</em></th></tr><tr bgcolor=""#E3E3F3""> <th>ADDRESSBLOCKHOUSENUMBER</th> <td>1</td> </tr><tr bgcolor=""""> <th>ADDRESSBUILDINGNAME</th> <td>Bukit Panjang Plaza</td> </tr><tr bgcolor=""#E3E3F3""> <th>ADDRESSSTREETNAME</th> <td>Jelebu Road</td> </tr><tr bgcolor=""""> <th>ADDRESSTYPE</th> <td></td> </tr><tr bgcolor=""#E3E3F3""> <th>DESCRIPTION</th> <td>BPPL</td> </tr><tr bgcolor=""""> <th>LANDXADDRESSPOINT</th> <td>20324.670000000002</td> </tr><tr bgcolor=""#E3E3F3""> <th>LANDYADDRESSPOINT</th> <td>40211.98</td> </tr><tr bgcolor=""""> <th>NAME</th> <td>Bukit Panjang Public Library</td> </tr><tr bgcolor=""#E3E3F3""> <th>ADDRESSPOSTALCODE</th> <td>677743</td> </tr><tr bgcolor=""""> <th>ADDRESSFLOORNUMBER</th> <td>4</td> </tr><tr bgcolor=""#E3E3F3""> <th>HYPERLINK</th> <td>http://www.nlb.gov.sg/VisitUs/BranchDetails/tabid/140/bid/292/Default.aspx?branch=Bukit+Panjang+Public+Library</td> </tr><tr bgcolor=""""> <th>PHOTOURL</th> <td>http://www.nlb.gov.sg/Portals/0/library/gallery/BukitPanjang/BPPL_main_Img_resized.jpg</td> </tr><tr bgcolor=""#E3E3F3""> <th>INC_CRC</th> <td>87CC461B1702CF3B</td> </tr><tr bgcolor=""""> <th>FMEL_UPD_D</th> <td>20190424094745</td> </tr><tr bgcolor=""#E3E3F3""> <th>ADDRESSUNITNUMBER</th> <td>16-17</td> </tr></table></center>",1,Bukit Panjang Plaza,Jelebu Road,,BPPL,20324.670000000002,40211.98,Bukit Panjang Public Library,677743,4,http://www.nlb.gov.sg/VisitUs/BranchDetails/tabid/140/bid/292/Default.aspx?branch=Bukit+Panjang+Public+Library,http://www.nlb.gov.sg/Portals/0/library/gallery/BukitPanjang/BPPL_main_Img_resized.jpg,87CC461B1702CF3B,20190424094745,16-17,1.37993637366735,103.764350064878
kml_13,"<center><table><tr><th colspan='2' align='center'><em>Attributes</em></th></tr><tr bgcolor=""#E3E3F3""> <th>ADDRESSBLOCKHOUSENUMBER</th> <td>90</td> </tr><tr bgcolor=""""> <th>ADDRESSBUILDINGNAME</th> <td>Hougang Mall</td> </tr><tr bgcolor=""#E3E3F3""> <th>ADDRESSSTREETNAME</th> <td>Hougang Avenue 10</td> </tr><tr bgcolor=""""> <th>ADDRESSTYPE</th> <td></td> </tr><tr bgcolor=""#E3E3F3""> <th>DESCRIPTION</th> <td>CSPL</td> </tr><tr bgcolor=""""> <th>LANDXADDRESSPOINT</th> <td>34728.1</td> </tr><tr bgcolor=""#E3E3F3""> <th>LANDYADDRESSPOINT</th> <td>39397.71</td> </tr><tr bgcolor=""""> <th>NAME</th> <td>Cheng San Public Library</td> </tr><tr bgcolor=""#E3E3F3""> <th>ADDRESSPOSTALCODE</th> <td>538766</td> </tr><tr bgcolor=""""> <th>ADDRESSFLOORNUMBER</th> <td>3</td> </tr><tr bgcolor=""#E3E3F3""> <th>HYPERLINK</th> <td>http://www.nlb.gov.sg/VisitUs/BranchDetails/tabid/140/bid/288/Default.aspx?branch=Cheng+San+Public+Library</td> </tr><tr bgcolor=""""> <th>PHOTOURL</th> <td>http://www.nlb.gov.sg/Portals/0/library/gallery/ChengSan/MAIN-CSPL-cropped.jpg</td> </tr><tr bgcolor=""#E3E3F3""> <th>INC_CRC</th> <td>0F9DCF3218E57956</td> </tr><tr bgcolor=""""> <th>FMEL_UPD_D</th> <td>20190424094745</td> </tr><tr bgcolor=""#E3E3F3""> <th>ADDRESSUNITNUMBER</th> <td>11</td> </tr></table></center>",90,Hougang Mall,Hougang Avenue 10,,CSPL,34728.1,39397.71,Cheng San Public Library,538766,3,http://www.nlb.gov.sg/VisitUs/BranchDetails/tabid/140/bid/288/Default.aspx?branch=Cheng+San+Public+Library,http://www.nlb.gov.sg/Portals/0/library/gallery/ChengSan/MAIN-CSPL-cropped.jpg,0F9DCF3218E57956,20190424094745,11,1.3725726449182,103.893775348884
kml_14,"<center><table><tr><th colspan='2' align='center'><em>Attributes</em></th></tr><tr bgcolor=""#E3E3F3""> <th>ADDRESSBLOCKHOUSENUMBER</th> <td>3155</td> </tr><tr bgcolor=""""> <th>ADDRESSBUILDINGNAME</th> <td>The Clementi Mall</td> </tr><tr bgcolor=""#E3E3F3""> <th>ADDRESSSTREETNAME</th> <td>Commonwealth Avenue West</td> </tr><tr bgcolor=""""> <th>ADDRESSTYPE</th> <td></td> </tr><tr bgcolor=""#E3E3F3""> <th>DESCRIPTION</th> <td>CMPL</td> </tr><tr bgcolor=""""> <th>LANDXADDRESSPOINT</th> <td>20319.52</td> </tr><tr bgcolor=""#E3E3F3""> <th>LANDYADDRESSPOINT</th> <td>33038.5</td> </tr><tr bgcolor=""""> <th>NAME</th> <td>Clementi Public Library</td> </tr><tr bgcolor=""#E3E3F3""> <th>ADDRESSPOSTALCODE</th> <td>129588</td> </tr><tr bgcolor=""""> <th>ADDRESSFLOORNUMBER</th> <td>3</td> </tr><tr bgcolor=""#E3E3F3""> <th>HYPERLINK</th> <td>http://www.nlb.gov.sg/VisitUs/BranchDetails/tabid/140/bid/296/Default.aspx?branch=Clementi+Public+Library</td> </tr><tr bgcolor=""""> <th>PHOTOURL</th> <td>http://www.nlb.gov.sg/Portals/0/library/gallery/Clementi/MAIN-CMPL-cropped.jpg</td> </tr><tr bgcolor=""#E3E3F3""> <th>INC_CRC</th> <td>CF4E46F0E22AA1D8</td> </tr><tr bgcolor=""""> <th>FMEL_UPD_D</th> <td>20190424094745</td> </tr><tr bgcolor=""#E3E3F3""> <th>ADDRESSUNITNUMBER</th> <td>13-15</td> </tr></table></center>",3155,The Clementi Mall,Commonwealth Avenue West,,CMPL,20319.52,33038.5,Clementi Public Library,129588,3,http://www.nlb.gov.sg/VisitUs/BranchDetails/tabid/140/bid/296/Default.aspx?branch=Clementi+Public+Library,http://www.nlb.gov.sg/Portals/0/library/gallery/Clementi/MAIN-CMPL-cropped.jpg,CF4E46F0E22AA1D8,20190424094745,13-15,1.31506201647581,103.764305614552
kml_15,"<center><table><tr><th colspan='2' align='center'><em>Attributes</em></th></tr><tr bgcolor=""#E3E3F3""> <th>ADDRESSBLOCKHOUSENUMBER</th> <td>4300</td> </tr><tr bgcolor=""""> <th>ADDRESSBUILDINGNAME</th> <td></td> </tr><tr bgcolor=""#E3E3F3""> <th>ADDRESSSTREETNAME</th> <td>Ang Mo Kio Avenue 6</td> </tr><tr bgcolor=""""> <th>ADDRESSTYPE</th> <td></td> </tr><tr bgcolor=""#E3E3F3""> <th>DESCRIPTION</th> <td>AMPL</td> </tr><tr bgcolor=""""> <th>LANDXADDRESSPOINT</th> <td>29364.62</td> </tr><tr bgcolor=""#E3E3F3""> <th>LANDYADDRESSPOINT</th> <td>39642.82</td> </tr><tr bgcolor=""""> <th>NAME</th> <td>Ang Mo Kio Public Library</td> </tr><tr bgcolor=""#E3E3F3""> <th>ADDRESSPOSTALCODE</th> <td>569842</td> </tr><tr bgcolor=""""> <th>ADDRESSFLOORNUMBER</th> <td></td> </tr><tr bgcolor=""#E3E3F3""> <th>HYPERLINK</th> <td>http://www.nlb.gov.sg/VisitUs/BranchDetails/tabid/140/bid/332/Default.aspx?branch=Ang+Mo+Kio+Public+Library</td> </tr><tr bgcolor=""""> <th>PHOTOURL</th> <td>http://www.nlb.gov.sg/Portals/0/library/gallery/AngMoKio/MAIN-PICTURE-of-AMPL-cropped.jpg</td> </tr><tr bgcolor=""#E3E3F3""> <th>INC_CRC</th> <td>49A106793207FD9B</td> </tr><tr bgcolor=""""> <th>FMEL_UPD_D</th> <td>20190424094745</td> </tr><tr bgcolor=""#E3E3F3""> <th>ADDRESSUNITNUMBER</th> <td></td> </tr></table></center>",4300,,Ang Mo Kio Avenue 6,,AMPL,29364.62,39642.82,Ang Mo Kio Public Library,569842,,http://www.nlb.gov.sg/VisitUs/BranchDetails/tabid/140/bid/332/Default.aspx?branch=Ang+Mo+Kio+Public+Library,http://www.nlb.gov.sg/Portals/0/library/gallery/AngMoKio/MAIN-PICTURE-of-AMPL-cropped.jpg,49A106793207FD9B,20190424094745,,1.37479006912036,103.845580674824
kml_16,"<center><table><tr><th colspan='2' align='center'><em>Attributes</em></th></tr><tr bgcolor=""#E3E3F3""> <th>ADDRESSBLOCKHOUSENUMBER</th> <td>930</td> </tr><tr bgcolor=""""> <th>ADDRESSBUILDINGNAME</th> <td>Northpoint City (North Wing)</td> </tr><tr bgcolor=""#E3E3F3""> <th>ADDRESSSTREETNAME</th> <td>Yishun Ave 2</td> </tr><tr bgcolor=""""> <th>ADDRESSTYPE</th> <td></td> </tr><tr bgcolor=""#E3E3F3""> <th>DESCRIPTION</th> <td>YIPL</td> </tr><tr bgcolor=""""> <th>LANDXADDRESSPOINT</th> <td>28276.53</td> </tr><tr bgcolor=""#E3E3F3""> <th>LANDYADDRESSPOINT</th> <td>45716.19</td> </tr><tr bgcolor=""""> <th>NAME</th> <td>Yishun Public Library</td> </tr><tr bgcolor=""#E3E3F3""> <th>ADDRESSPOSTALCODE</th> <td>769098</td> </tr><tr bgcolor=""""> <th>ADDRESSFLOORNUMBER</th> <td>4</td> </tr><tr bgcolor=""#E3E3F3""> <th>HYPERLINK</th> <td>http://www.nlb.gov.sg/VisitUs/BranchDetails/tabid/140/bid/320/Default.aspx?branch=Yishun+Public+Library</td> </tr><tr bgcolor=""""> <th>PHOTOURL</th> <td>http://www.nlb.gov.sg/Portals/0/library/gallery/Yishun/MAIN-YIPL-cropped.jpg</td> </tr><tr bgcolor=""#E3E3F3""> <th>INC_CRC</th> <td>19593E1A8CD0A4F9</td> </tr><tr bgcolor=""""> <th>FMEL_UPD_D</th> <td>20190424094745</td> </tr><tr bgcolor=""#E3E3F3""> <th>ADDRESSUNITNUMBER</th> <td>1</td> </tr></table></center>",930,Northpoint City (North Wing),Yishun Ave 2,,YIPL,28276.53,45716.19,Yishun Public Library,769098,4,http://www.nlb.gov.sg/VisitUs/BranchDetails/tabid/140/bid/320/Default.aspx?branch=Yishun+Public+Library,http://www.nlb.gov.sg/Portals/0/library/gallery/Yishun/MAIN-YIPL-cropped.jpg,19593E1A8CD0A4F9,20190424094745,1,1.42971547356642,103.835803458095
kml_17,"<center><table><tr><th colspan='2' align='center'><em>Attributes</em></th></tr><tr bgcolor=""#E3E3F3""> <th>ADDRESSBLOCKHOUSENUMBER</th> <td>5</td> </tr><tr bgcolor=""""> <th>ADDRESSBUILDINGNAME</th> <td></td> </tr><tr bgcolor=""#E3E3F3""> <th>ADDRESSSTREETNAME</th> <td>Bishan Place</td> </tr><tr bgcolor=""""> <th>ADDRESSTYPE</th> <td></td> </tr><tr bgcolor=""#E3E3F3""> <th>DESCRIPTION</th> <td>BIPL</td> </tr><tr bgcolor=""""> <th>LANDXADDRESSPOINT</th> <td>29727.41</td> </tr><tr bgcolor=""#E3E3F3""> <th>LANDYADDRESSPOINT</th> <td>36885.15</td> </tr><tr bgcolor=""""> <th>NAME</th> <td>Bishan Public Library</td> </tr><tr bgcolor=""#E3E3F3""> <th>ADDRESSPOSTALCODE</th> <td>579841</td> </tr><tr bgcolor=""""> <th>ADDRESSFLOORNUMBER</th> <td>1</td> </tr><tr bgcolor=""#E3E3F3""> <th>HYPERLINK</th> <td>http://www.nlb.gov.sg/VisitUs/BranchDetails/tabid/140/bid/312/Default.aspx?branch=Bishan+Public+Library</td> </tr><tr bgcolor=""""> <th>PHOTOURL</th> <td>http://www.nlb.gov.sg/Portals/0/library/gallery/Bishan/MAIN-BIPL-cropped.jpg</td> </tr><tr bgcolor=""#E3E3F3""> <th>INC_CRC</th> <td>DD6EBE6BCBDA2B6A</td> </tr><tr bgcolor=""""> <th>FMEL_UPD_D</th> <td>20190424094745</td> </tr><tr bgcolor=""#E3E3F3""> <th>ADDRESSUNITNUMBER</th> <td>1</td> </tr></table></center>",5,,Bishan Place,,BIPL,29727.41,36885.15,Bishan Public Library,579841,1,http://www.nlb.gov.sg/VisitUs/BranchDetails/tabid/140/bid/312/Default.aspx?branch=Bishan+Public+Library,http://www.nlb.gov.sg/Portals/0/library/gallery/Bishan/MAIN-BIPL-cropped.jpg,DD6EBE6BCBDA2B6A,20190424094745,1,1.3498506667736,103.848840445413
kml_18,"<center><table><tr><th colspan='2' align='center'><em>Attributes</em></th></tr><tr bgcolor=""#E3E3F3""> <th>ADDRESSBLOCKHOUSENUMBER</th> <td>11</td> </tr><tr bgcolor=""""> <th>ADDRESSBUILDINGNAME</th> <td></td> </tr><tr bgcolor=""#E3E3F3""> <th>ADDRESSSTREETNAME</th> <td>Bedok North St. 1</td> </tr><tr bgcolor=""""> <th>ADDRESSTYPE</th> <td></td> </tr><tr bgcolor=""#E3E3F3""> <th>DESCRIPTION</th> <td>BEPL</td> </tr><tr bgcolor=""""> <th>LANDXADDRESSPOINT</th> <td>38947.87</td> </tr><tr bgcolor=""#E3E3F3""> <th>LANDYADDRESSPOINT</th> <td>34357.48</td> </tr><tr bgcolor=""""> <th>NAME</th> <td>Bedok Public Library</td> </tr><tr bgcolor=""#E3E3F3""> <th>ADDRESSPOSTALCODE</th> <td>469662</td> </tr><tr bgcolor=""""> <th>ADDRESSFLOORNUMBER</th> <td>2</td> </tr><tr bgcolor=""#E3E3F3""> <th>HYPERLINK</th> <td>http://www.nlb.gov.sg/VisitUs/BranchDetails/tabid/140/bid/330/Default.aspx?branch=Bedok+Public+Library</td> </tr><tr bgcolor=""""> <th>PHOTOURL</th> <td>http://www.nlb.gov.sg/Portals/0/library/gallery/Bedok/MAIN-BEPL-cropped.jpg</td> </tr><tr bgcolor=""#E3E3F3""> <th>INC_CRC</th> <td>D837A37B18C409D4</td> </tr><tr bgcolor=""""> <th>FMEL_UPD_D</th> <td>20190424094745</td> </tr><tr bgcolor=""#E3E3F3""> <th>ADDRESSUNITNUMBER</th> <td>3</td> </tr></table></center>",11,,Bedok North St. 1,,BEPL,38947.87,34357.48,Bedok Public Library,469662,2,http://www.nlb.gov.sg/VisitUs/BranchDetails/tabid/140/bid/330/Default.aspx?branch=Bedok+Public+Library,http://www.nlb.gov.sg/Portals/0/library/gallery/Bedok/MAIN-BEPL-cropped.jpg,D837A37B18C409D4,20190424094745,3,1.32698939805286,103.931691125839
kml_19,"<center><table><tr><th colspan='2' align='center'><em>Attributes</em></th></tr><tr bgcolor=""#E3E3F3""> <th>ADDRESSBLOCKHOUSENUMBER</th> <td>100</td> </tr><tr bgcolor=""""> <th>ADDRESSBUILDINGNAME</th> <td></td> </tr><tr bgcolor=""#E3E3F3""> <th>ADDRESSSTREETNAME</th> <td>Victoria Street (Basement 1)</td> </tr><tr bgcolor=""""> <th>ADDRESSTYPE</th> <td></td> </tr><tr bgcolor=""#E3E3F3""> <th>DESCRIPTION</th> <td>CTPL</td> </tr><tr bgcolor=""""> <th>LANDXADDRESSPOINT</th> <td>30327.79</td> </tr><tr bgcolor=""#E3E3F3""> <th>LANDYADDRESSPOINT</th> <td>31087.66</td> </tr><tr bgcolor=""""> <th>NAME</th> <td>Central Public Library</td> </tr><tr bgcolor=""#E3E3F3""> <th>ADDRESSPOSTALCODE</th> <td>188064</td> </tr><tr bgcolor=""""> <th>ADDRESSFLOORNUMBER</th> <td></td> </tr><tr bgcolor=""#E3E3F3""> <th>HYPERLINK</th> <td>http://www.nlb.gov.sg/VisitUs/BranchDetails/tabid/140/bid/289/Default.aspx?branch=Central+Public+Library</td> </tr><tr bgcolor=""""> <th>PHOTOURL</th> <td>http://www.nlb.gov.sg/Portals/0/library/gallery/Central/MAIN-CTPL-cropped.jpg</td> </tr><tr bgcolor=""#E3E3F3""> <th>INC_CRC</th> <td>079B4C978A2FD7D7</td> </tr><tr bgcolor=""""> <th>FMEL_UPD_D</th> <td>20190424094745</td> </tr><tr bgcolor=""#E3E3F3""> <th>ADDRESSUNITNUMBER</th> <td></td> </tr></table></center>",100,,Victoria Street (Basement 1),,CTPL,30327.79,31087.66,Central Public Library,188064,,http://www.nlb.gov.sg/VisitUs/BranchDetails/tabid/140/bid/289/Default.aspx?branch=Central+Public+Library,http://www.nlb.gov.sg/Portals/0/library/gallery/Central/MAIN-CTPL-cropped.jpg,079B4C978A2FD7D7,20190424094745,,1.2974201806193,103.854234798536
kml_20,"<center><table><tr><th colspan='2' align='center'><em>Attributes</em></th></tr><tr bgcolor=""#E3E3F3""> <th>ADDRESSBLOCKHOUSENUMBER</th> <td>1</td> </tr><tr bgcolor=""""> <th>ADDRESSBUILDINGNAME</th> <td>VivoCity</td> </tr><tr bgcolor=""#E3E3F3""> <th>ADDRESSSTREETNAME</th> <td>Harbourfront Walk</td> </tr><tr bgcolor=""""> <th>ADDRESSTYPE</th> <td></td> </tr><tr bgcolor=""#E3E3F3""> <th>DESCRIPTION</th> <td>HBPL</td> </tr><tr bgcolor=""""> <th>LANDXADDRESSPOINT</th> <td>26699.31</td> </tr><tr bgcolor=""#E3E3F3""> <th>LANDYADDRESSPOINT</th> <td>27383.57</td> </tr><tr bgcolor=""""> <th>NAME</th> <td>Harbour Front Public Library</td> </tr><tr bgcolor=""#E3E3F3""> <th>ADDRESSPOSTALCODE</th> <td>98585</td> </tr><tr bgcolor=""""> <th>ADDRESSFLOORNUMBER</th> <td>3</td> </tr><tr bgcolor=""#E3E3F3""> <th>HYPERLINK</th> <td>http://www.nlb.gov.sg/VisitUs/BranchDetails/tabid/140/bid/362/Default.aspx?branch=library%40harbourfront</td> </tr><tr bgcolor=""""> <th>PHOTOURL</th> <td>http://www.nlb.gov.sg/Portals/0/library/gallery/harbourfront/main_library_harbourfront.jpg</td> </tr><tr bgcolor=""#E3E3F3""> <th>INC_CRC</th> <td>11A10CC261890319</td> </tr><tr bgcolor=""""> <th>FMEL_UPD_D</th> <td>20190424094745</td> </tr><tr bgcolor=""#E3E3F3""> <th>ADDRESSUNITNUMBER</th> <td>5</td> </tr></table></center>",1,VivoCity,Harbourfront Walk,,HBPL,26699.31,27383.57,Harbour Front Public Library,98585,3,http://www.nlb.gov.sg/VisitUs/BranchDetails/tabid/140/bid/362/Default.aspx?branch=library%40harbourfront,http://www.nlb.gov.sg/Portals/0/library/gallery/harbourfront/main_library_harbourfront.jpg,11A10CC261890319,20190424094745,5,1.26392174964736,103.82163145796
kml_21,"<center><table><tr><th colspan='2' align='center'><em>Attributes</em></th></tr><tr bgcolor=""#E3E3F3""> <th>ADDRESSBLOCKHOUSENUMBER</th> <td>6</td> </tr><tr bgcolor=""""> <th>ADDRESSBUILDINGNAME</th> <td></td> </tr><tr bgcolor=""#E3E3F3""> <th>ADDRESSSTREETNAME</th> <td>Toa Payoh Central</td> </tr><tr bgcolor=""""> <th>ADDRESSTYPE</th> <td></td> </tr><tr bgcolor=""#E3E3F3""> <th>DESCRIPTION</th> <td>TPPL</td> </tr><tr bgcolor=""""> <th>LANDXADDRESSPOINT</th> <td>29964.34</td> </tr><tr bgcolor=""#E3E3F3""> <th>LANDYADDRESSPOINT</th> <td>35090.96</td> </tr><tr bgcolor=""""> <th>NAME</th> <td>Toa Payoh Public Library</td> </tr><tr bgcolor=""#E3E3F3""> <th>ADDRESSPOSTALCODE</th> <td>319191</td> </tr><tr bgcolor=""""> <th>ADDRESSFLOORNUMBER</th> <td></td> </tr><tr bgcolor=""#E3E3F3""> <th>HYPERLINK</th> <td>http://www.nlb.gov.sg/VisitUs/BranchDetails/tabid/140/bid/319/Default.aspx?branch=Toa+Payoh+Public+Library</td> </tr><tr bgcolor=""""> <th>PHOTOURL</th> <td>http://www.nlb.gov.sg/Portals/0/library/gallery/ToaPayoh/MAIN-TPPL-cropped.jpg</td> </tr><tr bgcolor=""#E3E3F3""> <th>INC_CRC</th> <td>2220835A54DC0E75</td> </tr><tr bgcolor=""""> <th>FMEL_UPD_D</th> <td>20190424094745</td> </tr><tr bgcolor=""#E3E3F3""> <th>ADDRESSUNITNUMBER</th> <td></td> </tr></table></center>",6,,Toa Payoh Central,,TPPL,29964.34,35090.96,Toa Payoh Public Library,319191,,http://www.nlb.gov.sg/VisitUs/BranchDetails/tabid/140/bid/319/Default.aspx?branch=Toa+Payoh+Public+Library,http://www.nlb.gov.sg/Portals/0/library/gallery/ToaPayoh/MAIN-TPPL-cropped.jpg,2220835A54DC0E75,20190424094745,,1.33362463556477,103.85096929438
kml_22,"<center><table><tr><th colspan='2' align='center'><em>Attributes</em></th></tr><tr bgcolor=""#E3E3F3""> <th>ADDRESSBLOCKHOUSENUMBER</th> <td>21</td> </tr><tr bgcolor=""""> <th>ADDRESSBUILDINGNAME</th> <td></td> </tr><tr bgcolor=""#E3E3F3""> <th>ADDRESSSTREETNAME</th> <td>Jurong East Central 1</td> </tr><tr bgcolor=""""> <th>ADDRESSTYPE</th> <td></td> </tr><tr bgcolor=""#E3E3F3""> <th>DESCRIPTION</th> <td>JRL</td> </tr><tr bgcolor=""""> <th>LANDXADDRESSPOINT</th> <td>17530.350000000002</td> </tr><tr bgcolor=""#E3E3F3""> <th>LANDYADDRESSPOINT</th> <td>35010.42</td> </tr><tr bgcolor=""""> <th>NAME</th> <td>Jurong Regional Library</td> </tr><tr bgcolor=""#E3E3F3""> <th>ADDRESSPOSTALCODE</th> <td>609732</td> </tr><tr bgcolor=""""> <th>ADDRESSFLOORNUMBER</th> <td></td> </tr><tr bgcolor=""#E3E3F3""> <th>HYPERLINK</th> <td>http://www.nlb.gov.sg/VisitUs/BranchDetails/tabid/140/bid/338/Default.aspx?branch=Jurong+Regional+Library</td> </tr><tr bgcolor=""""> <th>PHOTOURL</th> <td>http://www.nlb.gov.sg/Portals/0/library/gallery/JurongReg/MAIN-JRL-cropped.jpg</td> </tr><tr bgcolor=""#E3E3F3""> <th>INC_CRC</th> <td>05997B48A04A4AFB</td> </tr><tr bgcolor=""""> <th>FMEL_UPD_D</th> <td>20190424094745</td> </tr><tr bgcolor=""#E3E3F3""> <th>ADDRESSUNITNUMBER</th> <td></td> </tr></table></center>",21,,Jurong East Central 1,,JRL,17530.350000000002,35010.42,Jurong Regional Library,609732,,http://www.nlb.gov.sg/VisitUs/BranchDetails/tabid/140/bid/338/Default.aspx?branch=Jurong+Regional+Library,http://www.nlb.gov.sg/Portals/0/library/gallery/JurongReg/MAIN-JRL-cropped.jpg,05997B48A04A4AFB,20190424094745,,1.33289451520808,103.739242870677
kml_23,"<center><table><tr><th colspan='2' align='center'><em>Attributes</em></th></tr><tr bgcolor=""#E3E3F3""> <th>ADDRESSBLOCKHOUSENUMBER</th> <td>100</td> </tr><tr bgcolor=""""> <th>ADDRESSBUILDINGNAME</th> <td></td> </tr><tr bgcolor=""#E3E3F3""> <th>ADDRESSSTREETNAME</th> <td>Victoria Street</td> </tr><tr bgcolor=""""> <th>ADDRESSTYPE</th> <td></td> </tr><tr bgcolor=""#E3E3F3""> <th>DESCRIPTION</th> <td>National Library Level 7-13</td> </tr><tr bgcolor=""""> <th>LANDXADDRESSPOINT</th> <td>30333.63</td> </tr><tr bgcolor=""#E3E3F3""> <th>LANDYADDRESSPOINT</th> <td>31063.58</td> </tr><tr bgcolor=""""> <th>NAME</th> <td>National Library Building</td> </tr><tr bgcolor=""#E3E3F3""> <th>ADDRESSPOSTALCODE</th> <td>188064</td> </tr><tr bgcolor=""""> <th>ADDRESSFLOORNUMBER</th> <td></td> </tr><tr bgcolor=""#E3E3F3""> <th>HYPERLINK</th> <td>http://www.nlb.gov.sg/VisitUs/BranchDetails/tabid/140/bid/329/Default.aspx?branch=National+Library+%2f+Lee+Kong+Chian+Reference+Library</td> </tr><tr bgcolor=""""> <th>PHOTOURL</th> <td>http://www.nlb.gov.sg/Portals/0/IMG/Managers/NL%20Visit%20Us%20Photo.jpg</td> </tr><tr bgcolor=""#E3E3F3""> <th>INC_CRC</th> <td>6A4F1C180916BAC7</td> </tr><tr bgcolor=""""> <th>FMEL_UPD_D</th> <td>20190424094745</td> </tr><tr bgcolor=""#E3E3F3""> <th>ADDRESSUNITNUMBER</th> <td></td> </tr></table></center>",100,,Victoria Street,,National Library Level 7-13,30333.63,31063.58,National Library Building,188064,,http://www.nlb.gov.sg/VisitUs/BranchDetails/tabid/140/bid/329/Default.aspx?branch=National+Library+%2f+Lee+Kong+Chian+Reference+Library,http://www.nlb.gov.sg/Portals/0/IMG/Managers/NL%20Visit%20Us%20Photo.jpg,6A4F1C180916BAC7,20190424094745,,1.29720240914801,103.854287271717
kml_24,"<center><table><tr><th colspan='2' align='center'><em>Attributes</em></th></tr><tr bgcolor=""#E3E3F3""> <th>ADDRESSBLOCKHOUSENUMBER</th> <td>53</td> </tr><tr bgcolor=""""> <th>ADDRESSBUILDINGNAME</th> <td></td> </tr><tr bgcolor=""#E3E3F3""> <th>ADDRESSSTREETNAME</th> <td>Margaret Drive</td> </tr><tr bgcolor=""""> <th>ADDRESSTYPE</th> <td></td> </tr><tr bgcolor=""#E3E3F3""> <th>DESCRIPTION</th> <td>QUPL</td> </tr><tr bgcolor=""""> <th>LANDXADDRESSPOINT</th> <td>24906.31</td> </tr><tr bgcolor=""#E3E3F3""> <th>LANDYADDRESSPOINT</th> <td>31230.58</td> </tr><tr bgcolor=""""> <th>NAME</th> <td>Queenstown Public Library</td> </tr><tr bgcolor=""#E3E3F3""> <th>ADDRESSPOSTALCODE</th> <td>149297</td> </tr><tr bgcolor=""""> <th>ADDRESSFLOORNUMBER</th> <td></td> </tr><tr bgcolor=""#E3E3F3""> <th>HYPERLINK</th> <td>http://www.nlb.gov.sg/VisitUs/BranchDetails/tabid/140/bid/309/Default.aspx?branch=Queenstown+Public+Library</td> </tr><tr bgcolor=""""> <th>PHOTOURL</th> <td>http://www.nlb.gov.sg/Portals/0/library/gallery/QueensTown/Main-QUPL_Cropped.jpg</td> </tr><tr bgcolor=""#E3E3F3""> <th>INC_CRC</th> <td>A20D81A06AB5E734</td> </tr><tr bgcolor=""""> <th>FMEL_UPD_D</th> <td>20190424094745</td> </tr><tr bgcolor=""#E3E3F3""> <th>ADDRESSUNITNUMBER</th> <td></td> </tr></table></center>",53,,Margaret Drive,,QUPL,24906.31,31230.58,Queenstown Public Library,149297,,http://www.nlb.gov.sg/VisitUs/BranchDetails/tabid/140/bid/309/Default.aspx?branch=Queenstown+Public+Library,http://www.nlb.gov.sg/Portals/0/library/gallery/QueensTown/Main-QUPL_Cropped.jpg,A20D81A06AB5E734,20190424094745,,1.29871263170447,103.805520397172
kml_25,"<center><table><tr><th colspan='2' align='center'><em>Attributes</em></th></tr><tr bgcolor=""#E3E3F3""> <th>ADDRESSBLOCKHOUSENUMBER</th> <td>900</td> </tr><tr bgcolor=""""> <th>ADDRESSBUILDINGNAME</th> <td></td> </tr><tr bgcolor=""#E3E3F3""> <th>ADDRESSSTREETNAME</th> <td>South Woodlands Drive</td> </tr><tr bgcolor=""""> <th>ADDRESSTYPE</th> <td></td> </tr><tr bgcolor=""#E3E3F3""> <th>DESCRIPTION</th> <td>WRL</td> </tr><tr bgcolor=""""> <th>LANDXADDRESSPOINT</th> <td>22837.38</td> </tr><tr bgcolor=""#E3E3F3""> <th>LANDYADDRESSPOINT</th> <td>46304.67</td> </tr><tr bgcolor=""""> <th>NAME</th> <td>Woodlands Regional Library</td> </tr><tr bgcolor=""#E3E3F3""> <th>ADDRESSPOSTALCODE</th> <td>730900</td> </tr><tr bgcolor=""""> <th>ADDRESSFLOORNUMBER</th> <td>1</td> </tr><tr bgcolor=""#E3E3F3""> <th>HYPERLINK</th> <td>http://www.nlb.gov.sg/VisitUs/BranchDetails/tabid/140/bid/310/Default.aspx?branch=Woodlands+Regional+Library</td> </tr><tr bgcolor=""""> <th>PHOTOURL</th> <td>http://www.nlb.gov.sg/Portals/0/library/gallery/WoodlandsReg/MAIN-WRL-cropped.jpg</td> </tr><tr bgcolor=""#E3E3F3""> <th>INC_CRC</th> <td>4B0F79234B61B0D3</td> </tr><tr bgcolor=""""> <th>FMEL_UPD_D</th> <td>20190424094745</td> </tr><tr bgcolor=""#E3E3F3""> <th>ADDRESSUNITNUMBER</th> <td>3</td> </tr></table></center>",900,,South Woodlands Drive,,WRL,22837.38,46304.67,Woodlands Regional Library,730900,1,http://www.nlb.gov.sg/VisitUs/BranchDetails/tabid/140/bid/310/Default.aspx?branch=Woodlands+Regional+Library,http://www.nlb.gov.sg/Portals/0/library/gallery/WoodlandsReg/MAIN-WRL-cropped.jpg,4B0F79234B61B0D3,20190424094745,3,1.43503700134939,103.786927526354
kml_26,"<center><table><tr><th colspan='2' align='center'><em>Attributes</em></th></tr><tr bgcolor=""#E3E3F3""> <th>ADDRESSBLOCKHOUSENUMBER</th> <td>1</td> </tr><tr bgcolor=""""> <th>ADDRESSBUILDINGNAME</th> <td>Our Tampines Hub</td> </tr><tr bgcolor=""#E3E3F3""> <th>ADDRESSSTREETNAME</th> <td>Tampines Walk</td> </tr><tr bgcolor=""""> <th>ADDRESSTYPE</th> <td></td> </tr><tr bgcolor=""#E3E3F3""> <th>DESCRIPTION</th> <td>TRL</td> </tr><tr bgcolor=""""> <th>LANDXADDRESSPOINT</th> <td>40379.44</td> </tr><tr bgcolor=""#E3E3F3""> <th>LANDYADDRESSPOINT</th> <td>37597.66</td> </tr><tr bgcolor=""""> <th>NAME</th> <td>Tampines Regional Library</td> </tr><tr bgcolor=""#E3E3F3""> <th>ADDRESSPOSTALCODE</th> <td>528523</td> </tr><tr bgcolor=""""> <th>ADDRESSFLOORNUMBER</th> <td>2</td> </tr><tr bgcolor=""#E3E3F3""> <th>HYPERLINK</th> <td>http://www.nlb.gov.sg/VisitUs/BranchDetails/tabid/140/bid/335/Default.aspx?branch=Tampines+Regional+Library</td> </tr><tr bgcolor=""""> <th>PHOTOURL</th> <td>http://www.nlb.gov.sg/Portals/0/library/gallery/TampinesReg/Main_Entrance.jpg</td> </tr><tr bgcolor=""#E3E3F3""> <th>INC_CRC</th> <td>31A4E3829D2154FF</td> </tr><tr bgcolor=""""> <th>FMEL_UPD_D</th> <td>20190424094745</td> </tr><tr bgcolor=""#E3E3F3""> <th>ADDRESSUNITNUMBER</th> <td>1</td> </tr></table></center>",1,Our Tampines Hub,Tampines Walk,,TRL,40379.44,37597.66,Tampines Regional Library,528523,2,http://www.nlb.gov.sg/VisitUs/BranchDetails/tabid/140/bid/335/Default.aspx?branch=Tampines+Regional+Library,http://www.nlb.gov.sg/Portals/0/library/gallery/TampinesReg/Main_Entrance.jpg,31A4E3829D2154FF,20190424094745,1,1.35629183172687,103.944555866304
kml_27,"<center><table><tr><th colspan='2' align='center'><em>Attributes</em></th></tr><tr bgcolor=""#E3E3F3""> <th>ADDRESSBLOCKHOUSENUMBER</th> <td>30</td> </tr><tr bgcolor=""""> <th>ADDRESSBUILDINGNAME</th> <td>Sun Plaza</td> </tr><tr bgcolor=""#E3E3F3""> <th>ADDRESSSTREETNAME</th> <td>Sembawang Drive</td> </tr><tr bgcolor=""""> <th>ADDRESSTYPE</th> <td></td> </tr><tr bgcolor=""#E3E3F3""> <th>DESCRIPTION</th> <td>SBPL</td> </tr><tr bgcolor=""""> <th>LANDXADDRESSPOINT</th> <td>26462.05</td> </tr><tr bgcolor=""#E3E3F3""> <th>LANDYADDRESSPOINT</th> <td>47759.75</td> </tr><tr bgcolor=""""> <th>NAME</th> <td>Sembawang Public Library</td> </tr><tr bgcolor=""#E3E3F3""> <th>ADDRESSPOSTALCODE</th> <td>757713</td> </tr><tr bgcolor=""""> <th>ADDRESSFLOORNUMBER</th> <td>5</td> </tr><tr bgcolor=""#E3E3F3""> <th>HYPERLINK</th> <td>http://www.nlb.gov.sg/VisitUs/BranchDetails/tabid/140/bid/331/Default.aspx?branch=Sembawang+Public+Library</td> </tr><tr bgcolor=""""> <th>PHOTOURL</th> <td>http://www.nlb.gov.sg/Portals/0/library/gallery/Sembawang/SBPL_entrance.jpg</td> </tr><tr bgcolor=""#E3E3F3""> <th>INC_CRC</th> <td>5981D9ABA61AAEEB</td> </tr><tr bgcolor=""""> <th>FMEL_UPD_D</th> <td>20190424094745</td> </tr><tr bgcolor=""#E3E3F3""> <th>ADDRESSUNITNUMBER</th> <td>1</td> </tr></table></center>",30,Sun Plaza,Sembawang Drive,,SBPL,26462.05,47759.75,Sembawang Public Library,757713,5,http://www.nlb.gov.sg/VisitUs/BranchDetails/tabid/140/bid/331/Default.aspx?branch=Sembawang+Public+Library,http://www.nlb.gov.sg/Portals/0/library/gallery/Sembawang/SBPL_entrance.jpg,5981D9ABA61AAEEB,20190424094745,1,1.44819664827432,103.819498553738
